contador,distancia1,distancia2,humedad,temperatura,time,sensor_id
0,35,177,79.35742,19.14,2025-01-05T14:29:10.028613288Z,s1
0,35,177,79.44434,19.13,2025-01-05T14:29:17.110250227Z,s1
0,35,178,79.44336,19.12,2025-01-05T14:29:24.22550786Z,s1
0,35,177,79.45605,19.13,2025-01-05T14:29:31.490405057Z,s1
0,35,177,79.50098,19.13,2025-01-05T14:29:38.652523572Z,s1
0,35,178,79.64453,19.12,2025-01-05T14:29:45.793732914Z,s1
0,35,177,79.5752,19.11,2025-01-05T14:29:52.927437495Z,s1
0,35,177,79.57227,19.09,2025-01-05T14:30:00.077814323Z,s1
0,35,177,79.72559,19.08,2025-01-05T14:30:07.212008651Z,s1
0,35,177,79.91309,19.07,2025-01-05T14:30:14.395768528Z,s1
0,35,177,79.98828,19.05,2025-01-05T14:30:21.596122763Z,s1
0,35,177,79.87305,19.04,2025-01-05T14:30:28.683546444Z,s1
0,35,178,79.80664,19.03,2025-01-05T14:30:35.829601047Z,s1
0,35,177,79.80176,19.01,2025-01-05T14:30:42.965969477Z,s1
0,35,177,79.83203,18.99,2025-01-05T14:30:50.118465016Z,s1
0,35,2,79.89844,18.99,2025-01-05T14:31:00.374477238Z,s1
0,35,3,79.9541,18.99,2025-01-05T14:31:05.483325555Z,s1
0,35,1,79.99902,18.99,2025-01-05T14:31:12.608716532Z,s1
0,34,37,80.18066,19.01,2025-01-05T14:31:32.0016838Z,s1
0,34,38,80.02441,19.01,2025-01-05T14:31:37.109347347Z,s1
0,34,39,79.96875,19.01,2025-01-05T14:31:49.431381459Z,s1
0,34,45,79.91602,19.02,2025-01-05T14:31:56.548157544Z,s1
0,34,45,80.05078,19.02,2025-01-05T14:32:03.766424871Z,s1
0,34,44,80.03906,19.02,2025-01-05T14:32:10.893212064Z,s1
0,34,44,80.01367,19.01,2025-01-05T14:32:18.006442982Z,s1
0,34,44,80.04688,19.01,2025-01-05T14:32:25.183502136Z,s1
0,34,45,80.03613,19.01,2025-01-05T14:32:32.436521921Z,s1
0,34,44,80.12207,18.99,2025-01-05T14:32:39.562619924Z,s1
0,34,44,80.60156,18.99,2025-01-05T14:32:46.770044836Z,s1
0,34,44,80.30078,18.99,2025-01-05T14:32:53.885398141Z,s1
0,34,44,80.15527,18.98,2025-01-05T14:33:01.107480814Z,s1
0,34,44,80.06641,18.99,2025-01-05T14:33:08.275243654Z,s1
0,34,8,80.04395,18.99,2025-01-05T14:33:13.388195455Z,s1
0,35,7,80.06152,19.02,2025-01-05T14:33:20.511017682Z,s1
0,37,7,80.09473,19.02,2025-01-05T14:33:27.660491273Z,s1
0,4,7,80.08789,18.98,2025-01-05T14:33:49.029978382Z,s1
0,4,7,80.04785,18.95,2025-01-05T14:33:56.146896531Z,s1
0,4,7,80.1123,18.93,2025-01-05T14:34:03.365066855Z,s1
0,4,7,80.36523,18.91,2025-01-05T14:34:10.48756737Z,s1
0,4,7,80.5498,18.89,2025-01-05T14:34:17.582592145Z,s1
0,4,7,80.35742,18.87,2025-01-05T14:34:24.769141555Z,s1
0,4,7,80.79199,18.86,2025-01-05T14:34:31.898518117Z,s1
0,9,7,80.43848,18.89,2025-01-05T14:34:39.103441467Z,s1
0,1,7,79.92969,18.92,2025-01-05T14:34:46.27524293Z,s1
0,7,8,79.73438,18.94,2025-01-05T14:34:53.385981714Z,s1
0,6,17,79.74707,18.95,2025-01-05T14:34:58.505685096Z,s1
0,9,37,79.95117,18.97,2025-01-05T14:35:05.631590538Z,s1
0,6,5,79.87012,19.02,2025-01-05T14:35:17.916552114Z,s1
0,6,5,79.73926,19.04,2025-01-05T14:35:25.034081238Z,s1
0,6,8,79.63086,19.05,2025-01-05T14:35:30.203596804Z,s1
0,6,4,79.6123,19.07,2025-01-05T14:35:35.316338184Z,s1
0,6,3,79.54688,19.08,2025-01-05T14:35:40.420249212Z,s1
0,9,5,79.41406,19.09,2025-01-05T14:35:45.561544008Z,s1
0,6,4,79.26758,19.08,2025-01-05T14:35:50.683203716Z,s1
0,9,7,79.23438,19.08,2025-01-05T14:35:55.911349704Z,s1
0,6,4,79.33301,19.07,2025-01-05T14:36:01.131765526Z,s1
0,6,7,79.42188,19.07,2025-01-05T14:36:08.299667038Z,s1
0,6,4,79.66797,19.07,2025-01-05T14:36:13.414260872Z,s1
0,6,7,79.53516,19.08,2025-01-05T14:36:20.534992364Z,s1
0,6,3,79.61328,19.08,2025-01-05T14:36:25.657121195Z,s1
0,6,5,79.82129,19.05,2025-01-05T14:36:30.804993713Z,s1
0,6,5,79.93262,19.05,2025-01-05T14:36:35.9738057Z,s1
0,6,6,79.96289,19.04,2025-01-05T14:36:41.166473563Z,s1
0,6,5,80.02832,19.02,2025-01-05T14:36:46.388535558Z,s1
0,6,4,80.06934,19.01,2025-01-05T14:36:51.508730045Z,s1
0,6,4,80.03223,18.99,2025-01-05T14:36:56.63248032Z,s1
0,6,4,80.15234,18.97,2025-01-05T14:37:01.763535437Z,s1
0,6,4,80.07031,18.95,2025-01-05T14:37:06.881974623Z,s1
0,6,4,80.04688,18.94,2025-01-05T14:37:11.994753243Z,s1
0,6,5,80.1123,18.93,2025-01-05T14:37:17.119242281Z,s1
0,6,3,80.2334,18.93,2025-01-05T14:37:22.331519387Z,s1
0,6,3,80.23145,18.92,2025-01-05T14:37:27.4635584Z,s1
0,6,4,80.27246,18.9,2025-01-05T14:37:32.675002705Z,s1
0,6,4,80.24902,18.89,2025-01-05T14:37:37.77919149Z,s1
0,6,4,80.34961,18.89,2025-01-05T14:37:43.017763772Z,s1
0,6,13,80.40332,18.88,2025-01-05T14:37:50.12991187Z,s1
0,6,13,80.37891,18.87,2025-01-05T14:37:57.352681086Z,s1
0,6,4,80.43164,18.85,2025-01-05T14:38:02.47485083Z,s1
0,6,4,80.47461,18.84,2025-01-05T14:38:07.591787504Z,s1
0,6,4,80.50781,18.84,2025-01-05T14:38:12.71279108Z,s1
0,6,13,80.51563,18.82,2025-01-05T14:38:19.833487965Z,s1
0,6,12,80.63379,18.8,2025-01-05T14:38:26.963196042Z,s1
0,6,4,80.8916,18.8,2025-01-05T14:38:34.114033993Z,s1
0,6,14,80.89063,18.8,2025-01-05T14:38:41.280726407Z,s1
0,6,18,80.96094,18.81,2025-01-05T14:38:48.451223685Z,s1
0,6,23,80.8623,18.82,2025-01-05T14:38:55.618552863Z,s1
0,6,13,80.7998,18.85,2025-01-05T14:39:02.786672969Z,s1
0,6,16,80.8252,18.86,2025-01-05T14:39:09.89482307Z,s1
0,6,16,80.6709,18.88,2025-01-05T14:39:17.020987299Z,s1
0,6,16,80.61816,18.9,2025-01-05T14:39:24.461666075Z,s1
0,6,16,80.48828,18.92,2025-01-05T14:39:31.252043541Z,s1
0,7,10,80.51172,18.92,2025-01-05T14:39:38.423453663Z,s1
0,7,11,80.44629,18.93,2025-01-05T14:39:45.545719687Z,s1
0,7,37,80.36719,18.93,2025-01-05T14:39:52.668611143Z,s1
0,7,37,80.32227,18.93,2025-01-05T14:39:59.787457397Z,s1
0,7,37,80.30957,18.91,2025-01-05T14:40:06.994543633Z,s1
0,7,37,80.35059,18.9,2025-01-05T14:40:14.107417582Z,s1
0,7,37,80.36035,18.89,2025-01-05T14:40:21.226164599Z,s1
0,7,37,80.5166,18.88,2025-01-05T14:40:28.39583913Z,s1
0,7,37,80.55762,18.87,2025-01-05T14:40:35.511156393Z,s1
0,7,37,80.69141,18.86,2025-01-05T14:40:42.628666175Z,s1
0,7,37,80.78711,18.85,2025-01-05T14:40:49.76089948Z,s1
0,7,37,80.83887,18.83,2025-01-05T14:40:56.88175832Z,s1
0,7,37,80.74805,18.81,2025-01-05T14:41:04.030927528Z,s1
0,7,37,80.65625,18.79,2025-01-05T14:41:11.199809868Z,s1
0,7,37,80.71777,18.77,2025-01-05T14:41:18.366893566Z,s1
0,7,37,80.74805,18.75,2025-01-05T14:41:25.534621866Z,s1
0,7,37,80.70508,18.75,2025-01-05T14:41:32.651908515Z,s1
0,7,37,80.68066,18.75,2025-01-05T14:41:39.77255549Z,s1
0,7,37,80.78906,18.73,2025-01-05T14:41:46.885672263Z,s1
0,7,37,80.78711,18.71,2025-01-05T14:41:54.024934284Z,s1
0,7,37,80.875,18.71,2025-01-05T14:42:01.154055208Z,s1
0,7,37,80.91602,18.7,2025-01-05T14:42:08.282645232Z,s1
0,7,37,80.89453,18.7,2025-01-05T14:42:15.401231103Z,s1
0,7,37,80.91602,18.7,2025-01-05T14:42:22.521651348Z,s1
0,7,37,80.99121,18.68,2025-01-05T14:42:29.738575465Z,s1
0,7,37,81.05762,18.68,2025-01-05T14:42:36.909759353Z,s1
0,7,37,81.05762,18.67,2025-01-05T14:42:44.035591088Z,s1
0,7,0,81.05664,18.66,2025-01-05T14:42:51.243702195Z,s1
0,7,52,81.06543,18.66,2025-01-05T14:42:58.412220416Z,s1
0,7,37,81.1084,18.64,2025-01-05T14:43:05.522757264Z,s1
0,7,37,81.19336,18.62,2025-01-05T14:43:12.747393436Z,s1
0,7,37,81.20215,18.61,2025-01-05T14:43:19.865234397Z,s1
0,7,37,81.19141,18.61,2025-01-05T14:43:27.084417763Z,s1
0,7,51,81.25684,18.6,2025-01-05T14:43:34.252128026Z,s1
0,7,37,81.29004,18.6,2025-01-05T14:43:41.366430473Z,s1
0,7,51,81.34375,18.59,2025-01-05T14:43:48.587462993Z,s1
0,7,37,81.45508,18.59,2025-01-05T14:43:55.699342544Z,s1
0,7,17,81.40723,18.58,2025-01-05T14:44:02.9247653Z,s1
0,7,17,81.42969,18.58,2025-01-05T14:44:10.093694567Z,s1
0,7,17,81.63086,18.58,2025-01-05T14:44:17.266353117Z,s1
0,7,17,81.81055,18.58,2025-01-05T14:44:24.433184615Z,s1
0,7,17,81.88086,18.6,2025-01-05T14:44:31.554326857Z,s1
0,7,17,81.81836,18.63,2025-01-05T14:44:38.662336353Z,s1
0,7,17,82.58008,18.65,2025-01-05T14:44:45.769602744Z,s1
0,3,16,82.82422,18.7,2025-01-05T14:44:52.896718313Z,s1
0,5,16,82.48047,18.71,2025-01-05T14:45:00.018250544Z,s1
0,3,16,82.24316,18.69,2025-01-05T14:45:07.236298013Z,s1
0,3,16,82.10938,18.69,2025-01-05T14:45:14.347203032Z,s1
0,3,16,82.00879,18.7,2025-01-05T14:45:21.566892054Z,s1
0,1,16,81.97754,18.7,2025-01-05T14:45:28.740668228Z,s1
0,1,16,81.97559,18.7,2025-01-05T14:45:35.855933801Z,s1
0,1,16,82.04395,18.7,2025-01-05T14:45:42.959123752Z,s1
0,1,16,82.05371,18.69,2025-01-05T14:45:50.064932338Z,s1
0,1,16,81.97559,18.69,2025-01-05T14:45:57.170933377Z,s1
0,1,16,81.95313,18.7,2025-01-05T14:46:04.372485205Z,s1
0,1,16,82.16016,18.66,2025-01-05T14:46:35.012835069Z,s1
0,1,16,82.19141,18.66,2025-01-05T14:46:42.119316309Z,s1
0,1,16,82.08203,18.66,2025-01-05T14:46:49.325755694Z,s1
0,1,16,82.23828,18.66,2025-01-05T14:46:56.493837022Z,s1
0,1,16,82.37012,18.65,2025-01-05T14:47:03.606137196Z,s1
0,1,16,82.36816,18.65,2025-01-05T14:47:10.729982132Z,s1
0,1,16,82.36523,18.63,2025-01-05T14:47:17.84531364Z,s1
0,1,16,82.38867,18.63,2025-01-05T14:47:24.998592419Z,s1
0,1,16,82.37598,18.63,2025-01-05T14:47:32.111451621Z,s1
0,1,16,82.34473,18.64,2025-01-05T14:47:39.235155441Z,s1
0,1,16,82.33008,18.62,2025-01-05T14:47:46.332633078Z,s1
0,1,16,82.33887,18.61,2025-01-05T14:47:53.440915461Z,s1
0,1,16,82.27246,18.61,2025-01-05T14:48:00.599528573Z,s1
0,1,16,82.2832,18.61,2025-01-05T14:48:07.714844836Z,s1
0,1,16,82.31543,18.6,2025-01-05T14:48:14.93421082Z,s1
0,1,16,82.36914,18.59,2025-01-05T14:48:22.102193755Z,s1
0,1,16,82.35059,18.61,2025-01-05T14:48:29.215977678Z,s1
0,1,16,82.36914,18.59,2025-01-05T14:48:36.317797338Z,s1
0,1,16,82.36719,18.58,2025-01-05T14:48:43.50383632Z,s1
0,1,16,82.36719,18.58,2025-01-05T14:48:50.622309019Z,s1
0,1,16,82.44336,18.58,2025-01-05T14:48:57.726399293Z,s1
0,1,16,82.46582,18.57,2025-01-05T14:49:04.833646092Z,s1
0,1,16,82.43262,18.57,2025-01-05T14:49:11.940472729Z,s1
0,1,16,82.39941,18.57,2025-01-05T14:49:19.139361229Z,s1
0,1,16,82.47559,18.56,2025-01-05T14:49:26.247846662Z,s1
0,1,16,82.5293,18.56,2025-01-05T14:49:33.369195529Z,s1
0,1,16,82.52148,18.57,2025-01-05T14:49:40.466847542Z,s1
0,1,16,82.50684,18.56,2025-01-05T14:49:47.579039789Z,s1
0,1,16,82.4834,18.55,2025-01-05T14:49:54.779773789Z,s1
0,1,16,82.49609,18.56,2025-01-05T14:50:01.894450835Z,s1
0,1,16,82.49414,18.54,2025-01-05T14:50:09.00811301Z,s1
0,1,16,82.49316,18.54,2025-01-05T14:50:16.140186739Z,s1
0,1,16,82.50586,18.54,2025-01-05T14:50:23.237912122Z,s1
0,1,16,82.53711,18.54,2025-01-05T14:50:30.35395154Z,s1
0,1,16,82.53711,18.54,2025-01-05T14:50:37.579755259Z,s1
0,1,16,82.54688,18.53,2025-01-05T14:50:44.693747059Z,s1
0,1,16,82.49121,18.53,2025-01-05T14:50:51.915351587Z,s1
0,1,16,82.49121,18.52,2025-01-05T14:50:59.084468536Z,s1
0,1,16,82.54688,18.53,2025-01-05T14:51:06.195724052Z,s1
0,1,16,82.56934,18.52,2025-01-05T14:51:13.311054037Z,s1
0,1,16,82.58008,18.52,2025-01-05T14:51:20.486618988Z,s1
0,1,16,82.6123,18.52,2025-01-05T14:51:27.59263108Z,s1
0,1,16,82.6416,18.5,2025-01-05T14:51:34.71538697Z,s1
0,1,16,82.66797,18.52,2025-01-05T14:51:41.836932797Z,s1
0,1,16,82.66406,18.5,2025-01-05T14:51:49.054231312Z,s1
0,1,16,82.65332,18.5,2025-01-05T14:51:56.211324054Z,s1
0,1,16,82.65332,18.5,2025-01-05T14:52:03.390736575Z,s1
0,1,16,82.61914,18.5,2025-01-05T14:52:10.507113699Z,s1
0,1,16,82.68848,18.51,2025-01-05T14:52:17.613118877Z,s1
0,1,16,82.69727,18.5,2025-01-05T14:52:24.79342131Z,s1
0,1,16,82.67188,18.48,2025-01-05T14:52:31.908829348Z,s1
0,1,16,82.62695,18.48,2025-01-05T14:52:39.12937055Z,s1
0,1,16,82.60645,18.49,2025-01-05T14:52:46.299147682Z,s1
0,1,16,82.61914,18.5,2025-01-05T14:52:53.414314018Z,s1
0,1,16,82.61816,18.49,2025-01-05T14:53:00.572088276Z,s1
0,1,16,82.61816,18.49,2025-01-05T14:53:07.812184513Z,s1
0,1,16,82.61621,18.48,2025-01-05T14:53:14.918473556Z,s1
0,1,16,82.64941,18.48,2025-01-05T14:53:22.021821566Z,s1
0,1,16,82.65918,18.47,2025-01-05T14:53:29.12962753Z,s1
0,1,16,82.64648,18.47,2025-01-05T14:53:36.268736741Z,s1
0,1,16,82.65723,18.47,2025-01-05T14:53:43.437116104Z,s1
0,1,16,82.66895,18.47,2025-01-05T14:53:50.605984279Z,s1
0,1,16,82.65918,18.47,2025-01-05T14:53:57.725262501Z,s1
0,1,16,82.62402,18.47,2025-01-05T14:54:04.9420508Z,s1
0,1,16,82.59082,18.46,2025-01-05T14:54:12.053089132Z,s1
0,1,16,82.63379,18.46,2025-01-05T14:54:19.169043799Z,s1
0,1,16,82.64648,18.46,2025-01-05T14:54:26.274930773Z,s1
0,1,16,82.63379,18.46,2025-01-05T14:54:33.38346332Z,s1
0,1,16,82.63379,18.46,2025-01-05T14:54:40.578604001Z,s1
0,1,16,82.63379,18.46,2025-01-05T14:54:47.690989413Z,s1
0,1,16,82.67773,18.46,2025-01-05T14:54:54.811417126Z,s1
0,1,16,82.66699,18.46,2025-01-05T14:55:01.995710813Z,s1
0,1,16,82.67969,18.46,2025-01-05T14:55:09.13555542Z,s1
0,1,16,82.6875,18.45,2025-01-05T14:55:16.241613824Z,s1
0,1,16,82.74512,18.45,2025-01-05T14:55:23.346084306Z,s1
0,1,16,82.7666,18.45,2025-01-05T14:55:30.549266883Z,s1
0,1,16,82.80078,18.46,2025-01-05T14:55:37.668263889Z,s1
0,1,16,82.82129,18.44,2025-01-05T14:55:44.773065065Z,s1
0,1,16,82.85059,18.43,2025-01-05T14:55:51.952081136Z,s1
0,1,16,82.83008,18.44,2025-01-05T14:55:59.119241367Z,s1
0,1,16,82.79883,18.45,2025-01-05T14:56:06.237411177Z,s1
0,1,16,82.75293,18.44,2025-01-05T14:56:13.456202994Z,s1
0,1,16,82.74121,18.44,2025-01-05T14:56:20.592152104Z,s1
0,1,16,82.75391,18.44,2025-01-05T14:56:27.790792615Z,s1
0,1,16,82.76172,18.43,2025-01-05T14:56:34.896207375Z,s1
0,1,16,82.76563,18.44,2025-01-05T14:56:42.126976305Z,s1
0,1,16,82.77344,18.43,2025-01-05T14:56:49.295165488Z,s1
0,1,16,82.76172,18.43,2025-01-05T14:56:56.412038716Z,s1
0,1,16,82.76172,18.43,2025-01-05T14:57:03.631166156Z,s1
0,1,16,82.78418,18.43,2025-01-05T14:57:10.80042699Z,s1
0,1,16,82.77441,18.44,2025-01-05T14:57:18.068711851Z,s1
0,1,16,82.75098,18.43,2025-01-05T14:57:25.190149344Z,s1
0,1,16,82.75098,18.43,2025-01-05T14:57:32.405804676Z,s1
0,1,16,82.74902,18.42,2025-01-05T14:57:39.509610324Z,s1
0,1,16,82.72852,18.42,2025-01-05T14:57:46.641369693Z,s1
0,1,16,82.74902,18.42,2025-01-05T14:57:53.757396201Z,s1
0,1,16,82.73926,18.42,2025-01-05T14:58:00.869452041Z,s1
0,1,16,82.71777,18.42,2025-01-05T14:58:08.042560222Z,s1
0,1,16,82.72461,18.41,2025-01-05T14:58:15.209981425Z,s1
0,1,16,82.75977,18.42,2025-01-05T14:58:22.351782024Z,s1
0,1,16,82.75879,18.41,2025-01-05T14:58:29.451996687Z,s1
0,1,16,82.74707,18.41,2025-01-05T14:58:36.573679033Z,s1
0,1,16,82.78027,18.4,2025-01-05T14:58:43.69694121Z,s1
0,1,16,82.76953,18.41,2025-01-05T14:58:50.844981675Z,s1
0,1,16,82.79199,18.4,2025-01-05T14:58:57.962185645Z,s1
0,1,16,82.81445,18.41,2025-01-05T14:59:05.181449899Z,s1
0,1,16,82.79199,18.41,2025-01-05T14:59:12.303850169Z,s1
0,1,16,82.79199,18.41,2025-01-05T14:59:19.419407571Z,s1
0,1,16,82.78027,18.41,2025-01-05T14:59:26.543939884Z,s1
0,1,16,82.81445,18.41,2025-01-05T14:59:33.753072729Z,s1
0,1,16,82.79004,18.4,2025-01-05T14:59:40.866317884Z,s1
0,1,16,82.78027,18.41,2025-01-05T14:59:47.985327855Z,s1
0,1,16,82.80273,18.41,2025-01-05T14:59:55.153274486Z,s1
0,1,16,82.84766,18.41,2025-01-05T15:00:02.269722145Z,s1
0,1,16,82.84766,18.41,2025-01-05T15:00:09.393600695Z,s1
0,1,16,82.85742,18.4,2025-01-05T15:00:16.50381197Z,s1
0,1,16,82.8584,18.4,2025-01-05T15:00:23.726977419Z,s1
0,1,16,82.80273,18.41,2025-01-05T15:00:30.864196356Z,s1
0,1,16,82.85742,18.4,2025-01-05T15:00:38.071577143Z,s1
0,1,16,82.84766,18.4,2025-01-05T15:00:45.187986362Z,s1
0,1,16,82.85742,18.4,2025-01-05T15:00:52.397778364Z,s1
0,1,16,82.8584,18.41,2025-01-05T15:00:59.517449219Z,s1
0,1,16,82.83496,18.4,2025-01-05T15:01:06.730873749Z,s1
0,1,16,82.82324,18.4,2025-01-05T15:01:13.845672414Z,s1
0,1,16,82.79004,18.4,2025-01-05T15:01:21.067088128Z,s1
0,1,16,82.85547,18.39,2025-01-05T15:01:28.176344975Z,s1
0,1,16,82.8457,18.4,2025-01-05T15:01:35.296780571Z,s1
0,1,16,82.87793,18.39,2025-01-05T15:01:42.403194542Z,s1
0,1,16,82.86426,18.39,2025-01-05T15:01:49.50692792Z,s1
0,1,16,82.87598,18.39,2025-01-05T15:01:56.608288198Z,s1
0,1,16,82.85547,18.39,2025-01-05T15:02:03.7713502Z,s1
0,1,16,82.8457,18.4,2025-01-05T15:02:10.892263555Z,s1
0,1,16,82.86426,18.38,2025-01-05T15:02:18.009510139Z,s1
0,1,16,82.86621,18.39,2025-01-05T15:02:25.120322517Z,s1
0,81.7,54.66,74.02,20.88,2025-01-06 00:00:00,s1
0,77.82,133.13,73.57,20.91,2025-01-06 00:05:00,s1
0,99.47,164.3,76.75,20.89,2025-01-06 00:10:00,s1
0,163.15,130.61,78.37,20.66,2025-01-06 00:15:00,s1
0,116.59,176.12,80.17,21.96,2025-01-06 00:20:00,s1
0,147.03,55.01,79.54,21.2,2025-01-06 00:25:00,s1
0,166.83,105.01,75.41,21.33,2025-01-06 00:30:00,s1
0,115.8,85.56,70.58,21.62,2025-01-06 00:35:00,s1
0,94.13,117.09,82.1,19.65,2025-01-06 00:40:00,s1
0,126.71,60.86,77.91,19.25,2025-01-06 00:45:00,s1
0,165.81,193.12,75.97,20.45,2025-01-06 00:50:00,s1
0,155.44,83.49,87.34,20.54,2025-01-06 00:55:00,s1
0,81.58,188.35,84.93,21.49,2025-01-06 01:00:00,s1
0,144.26,113.88,87.16,20.33,2025-01-06 01:05:00,s1
0,132.19,197.83,79.9,20.71,2025-01-06 01:10:00,s1
0,165.75,133.11,72.62,20.58,2025-01-06 01:15:00,s1
0,87.25,189.62,83.92,19.11,2025-01-06 01:20:00,s1
0,128.4,50.8,74.12,20.85,2025-01-06 01:25:00,s1
0,162.95,162.24,78.82,21.48,2025-01-06 01:30:00,s1
0,116.0,185.46,71.3,19.47,2025-01-06 01:35:00,s1
0,123.2,70.96,86.51,20.78,2025-01-06 01:40:00,s1
0,82.05,64.42,72.52,20.78,2025-01-06 01:45:00,s1
0,102.81,113.69,88.06,19.49,2025-01-06 01:50:00,s1
0,107.45,190.05,87.28,19.37,2025-01-06 01:55:00,s1
0,169.51,131.36,79.29,21.94,2025-01-06 02:00:00,s1
0,103.27,129.12,84.89,20.18,2025-01-06 02:05:00,s1
0,121.09,71.17,82.39,19.68,2025-01-06 02:10:00,s1
0,142.13,50.12,86.06,19.51,2025-01-06 02:15:00,s1
0,91.22,171.52,78.64,21.0,2025-01-06 02:20:00,s1
0,123.64,63.14,85.72,20.83,2025-01-06 02:25:00,s1
0,148.85,145.08,79.25,20.93,2025-01-06 02:30:00,s1
0,161.69,187.19,88.82,19.26,2025-01-06 02:35:00,s1
0,137.63,81.3,79.73,21.68,2025-01-06 02:40:00,s1
0,141.91,149.79,79.25,20.17,2025-01-06 02:45:00,s1
0,87.63,61.8,85.7,19.94,2025-01-06 02:50:00,s1
0,169.58,140.56,86.43,20.39,2025-01-06 02:55:00,s1
0,88.26,74.59,81.09,20.17,2025-01-06 03:00:00,s1
0,152.47,160.39,73.6,21.59,2025-01-06 03:05:00,s1
0,101.48,95.18,79.36,21.79,2025-01-06 03:10:00,s1
0,168.36,119.51,89.36,19.91,2025-01-06 03:15:00,s1
0,147.0,139.91,85.06,21.59,2025-01-06 03:20:00,s1
0,150.38,75.69,86.22,21.34,2025-01-06 03:25:00,s1
0,96.91,161.25,70.66,21.79,2025-01-06 03:30:00,s1
0,119.3,95.4,79.36,19.74,2025-01-06 03:35:00,s1
0,136.78,149.36,82.93,20.73,2025-01-06 03:40:00,s1
0,152.0,73.74,86.6,19.82,2025-01-06 03:45:00,s1
0,85.4,153.22,70.99,21.47,2025-01-06 03:50:00,s1
0,171.24,69.23,87.05,19.02,2025-01-06 03:55:00,s1
0,164.02,113.8,80.97,20.69,2025-01-06 04:00:00,s1
0,102.03,87.08,73.95,20.02,2025-01-06 04:05:00,s1
0,157.28,162.26,76.35,19.97,2025-01-06 04:10:00,s1
0,126.83,89.31,75.64,20.93,2025-01-06 04:15:00,s1
0,121.18,182.26,80.62,21.55,2025-01-06 04:20:00,s1
0,106.44,183.77,71.03,20.83,2025-01-06 04:25:00,s1
0,133.1,79.47,73.17,21.56,2025-01-06 04:30:00,s1
0,147.99,142.08,86.25,19.79,2025-01-06 04:35:00,s1
0,116.09,63.16,72.65,20.56,2025-01-06 04:40:00,s1
0,137.92,108.73,74.67,20.35,2025-01-06 04:45:00,s1
0,144.93,157.0,79.07,19.03,2025-01-06 04:50:00,s1
0,146.11,148.91,80.34,20.67,2025-01-06 04:55:00,s1
0,80.2,143.71,85.27,20.98,2025-01-06 05:00:00,s1
0,160.97,92.38,78.95,20.78,2025-01-06 05:05:00,s1
0,120.83,106.7,85.8,21.21,2025-01-06 05:10:00,s1
0,101.24,65.44,82.37,20.71,2025-01-06 05:15:00,s1
0,99.18,157.85,72.26,19.2,2025-01-06 05:20:00,s1
0,123.3,125.58,73.13,19.35,2025-01-06 05:25:00,s1
0,163.68,156.31,78.74,20.79,2025-01-06 05:30:00,s1
0,112.83,87.34,77.94,19.82,2025-01-06 05:35:00,s1
0,149.97,98.67,84.87,19.24,2025-01-06 05:40:00,s1
0,84.68,100.13,81.61,20.29,2025-01-06 05:45:00,s1
0,122.61,53.86,77.76,20.66,2025-01-06 05:50:00,s1
0,174.17,101.16,73.42,19.99,2025-01-06 05:55:00,s1
0,152.04,170.5,74.54,21.16,2025-01-06 06:00:00,s1
0,96.05,184.59,81.51,20.93,2025-01-06 06:05:00,s1
0,125.14,127.73,78.47,20.0,2025-01-06 06:10:00,s1
0,98.36,118.33,80.3,21.26,2025-01-06 06:15:00,s1
0,115.96,54.62,73.41,20.95,2025-01-06 06:20:00,s1
0,153.01,181.88,83.26,20.91,2025-01-06 06:25:00,s1
0,152.12,51.95,87.05,20.66,2025-01-06 06:30:00,s1
0,97.81,191.71,75.16,19.03,2025-01-06 06:35:00,s1
0,167.22,123.38,79.83,21.09,2025-01-06 06:40:00,s1
0,134.26,101.29,89.51,20.13,2025-01-06 06:45:00,s1
0,112.99,188.63,76.66,21.83,2025-01-06 06:50:00,s1
0,125.19,53.66,81.9,21.45,2025-01-06 06:55:00,s1
0,135.51,137.21,71.8,20.76,2025-01-06 07:00:00,s1
0,130.99,132.34,82.12,19.76,2025-01-06 07:05:00,s1
0,123.64,82.9,71.79,19.61,2025-01-06 07:10:00,s1
0,125.49,114.33,89.18,20.02,2025-01-06 07:15:00,s1
0,92.64,147.84,84.31,20.43,2025-01-06 07:20:00,s1
0,156.27,159.07,85.76,19.89,2025-01-06 07:25:00,s1
0,129.18,50.11,84.08,20.54,2025-01-06 07:30:00,s1
0,88.11,190.53,81.79,19.5,2025-01-06 07:35:00,s1
0,151.62,74.68,79.0,21.93,2025-01-06 07:40:00,s1
0,168.24,85.04,87.17,19.32,2025-01-06 07:45:00,s1
0,169.73,89.52,89.14,21.8,2025-01-06 07:50:00,s1
0,111.9,55.67,79.98,21.74,2025-01-06 07:55:00,s1
0,88.55,68.46,88.63,20.58,2025-01-06 08:00:00,s1
0,126.84,197.95,81.67,21.17,2025-01-06 08:05:00,s1
0,86.26,97.28,80.77,20.31,2025-01-06 08:10:00,s1
0,168.4,67.3,79.09,20.89,2025-01-06 08:15:00,s1
0,93.36,66.05,74.19,20.02,2025-01-06 08:20:00,s1
0,100.28,157.92,70.07,19.9,2025-01-06 08:25:00,s1
0,115.66,178.19,74.83,20.73,2025-01-06 08:30:00,s1
0,113.32,88.54,80.19,20.49,2025-01-06 08:35:00,s1
0,154.47,53.14,77.6,20.74,2025-01-06 08:40:00,s1
0,120.63,83.46,78.97,19.86,2025-01-06 08:45:00,s1
0,92.08,58.48,89.61,20.1,2025-01-06 08:50:00,s1
0,101.72,65.51,77.01,19.25,2025-01-06 08:55:00,s1
0,125.91,114.73,79.04,19.16,2025-01-06 09:00:00,s1
0,89.75,84.49,72.67,19.76,2025-01-06 09:05:00,s1
0,136.17,127.39,70.96,19.22,2025-01-06 09:10:00,s1
0,131.57,88.02,85.51,19.31,2025-01-06 09:15:00,s1
0,146.47,191.08,81.41,21.44,2025-01-06 09:20:00,s1
0,168.77,185.89,85.21,19.12,2025-01-06 09:25:00,s1
0,166.23,135.02,73.0,20.98,2025-01-06 09:30:00,s1
0,169.61,103.16,81.44,19.82,2025-01-06 09:35:00,s1
0,99.47,107.17,75.07,21.61,2025-01-06 09:40:00,s1
0,88.16,111.78,74.56,20.45,2025-01-06 09:45:00,s1
0,105.23,159.14,70.23,19.92,2025-01-06 09:50:00,s1
0,164.51,117.75,72.61,20.55,2025-01-06 09:55:00,s1
0,172.21,178.51,76.19,20.15,2025-01-06 10:00:00,s1
0,160.93,191.61,72.34,20.69,2025-01-06 10:05:00,s1
0,86.0,100.39,89.72,19.34,2025-01-06 10:10:00,s1
0,169.74,134.1,76.17,21.99,2025-01-06 10:15:00,s1
0,117.34,64.26,72.61,20.28,2025-01-06 10:20:00,s1
0,75.93,80.07,73.98,20.04,2025-01-06 10:25:00,s1
0,119.24,112.02,81.75,21.13,2025-01-06 10:30:00,s1
0,79.61,80.93,71.28,20.09,2025-01-06 10:35:00,s1
0,129.39,181.48,87.25,21.5,2025-01-06 10:40:00,s1
0,108.86,73.74,89.23,20.36,2025-01-06 10:45:00,s1
0,122.34,118.35,74.93,21.16,2025-01-06 10:50:00,s1
0,136.32,140.85,79.0,19.32,2025-01-06 10:55:00,s1
0,161.88,153.78,70.44,21.54,2025-01-06 11:00:00,s1
0,141.19,107.46,82.81,21.21,2025-01-06 11:05:00,s1
0,118.4,180.36,78.28,19.64,2025-01-06 11:10:00,s1
0,156.94,135.25,75.4,19.44,2025-01-06 11:15:00,s1
0,165.56,115.93,74.14,19.95,2025-01-06 11:20:00,s1
0,86.98,60.09,83.08,21.93,2025-01-06 11:25:00,s1
0,128.19,119.7,78.32,19.77,2025-01-06 11:30:00,s1
0,103.45,173.11,73.59,20.37,2025-01-06 11:35:00,s1
0,79.71,142.18,83.78,19.09,2025-01-06 11:40:00,s1
0,141.85,174.82,81.3,20.19,2025-01-06 11:45:00,s1
0,161.28,124.1,87.17,20.71,2025-01-06 11:50:00,s1
0,91.29,67.77,72.35,21.86,2025-01-06 11:55:00,s1
0,156.24,52.05,85.71,20.55,2025-01-06 12:00:00,s1
0,160.34,95.48,83.47,21.46,2025-01-06 12:05:00,s1
0,166.43,154.7,72.3,20.64,2025-01-06 12:10:00,s1
0,101.53,168.54,83.9,19.12,2025-01-06 12:15:00,s1
0,165.4,94.36,78.83,19.95,2025-01-06 12:20:00,s1
0,107.07,124.35,88.9,20.73,2025-01-06 12:25:00,s1
0,130.23,113.17,72.83,21.85,2025-01-06 12:30:00,s1
0,80.05,111.58,82.86,21.58,2025-01-06 12:35:00,s1
0,79.39,84.7,77.64,19.69,2025-01-06 12:40:00,s1
0,147.04,70.46,89.14,19.66,2025-01-06 12:45:00,s1
0,119.45,79.5,76.6,19.6,2025-01-06 12:50:00,s1
0,100.63,58.3,89.24,21.77,2025-01-06 12:55:00,s1
0,94.04,79.72,88.03,21.56,2025-01-06 13:00:00,s1
0,142.0,51.38,75.41,21.32,2025-01-06 13:05:00,s1
0,75.04,144.09,86.07,20.18,2025-01-06 13:10:00,s1
0,155.59,97.46,89.91,20.51,2025-01-06 13:15:00,s1
0,82.92,195.97,75.05,20.39,2025-01-06 13:20:00,s1
0,94.15,79.06,78.74,19.76,2025-01-06 13:25:00,s1
0,113.62,101.87,80.4,20.52,2025-01-06 13:30:00,s1
0,123.49,103.68,75.9,19.09,2025-01-06 13:35:00,s1
0,110.5,51.27,70.31,19.4,2025-01-06 13:40:00,s1
0,107.07,175.88,74.4,21.66,2025-01-06 13:45:00,s1
0,171.39,54.8,75.64,21.26,2025-01-06 13:50:00,s1
0,139.16,191.03,78.87,20.27,2025-01-06 13:55:00,s1
0,77.34,183.81,73.42,20.55,2025-01-06 14:00:00,s1
0,118.02,130.33,87.47,20.11,2025-01-06 14:05:00,s1
0,162.5,131.54,84.1,21.22,2025-01-06 14:10:00,s1
0,105.15,148.07,71.7,21.35,2025-01-06 14:15:00,s1
0,84.46,108.06,83.0,21.29,2025-01-06 14:20:00,s1
0,150.84,147.08,83.07,21.17,2025-01-06 14:25:00,s1
0,135.6,56.72,89.12,19.61,2025-01-06 14:30:00,s1
0,132.03,58.11,70.06,20.01,2025-01-06 14:35:00,s1
0,80.36,118.58,74.96,20.41,2025-01-06 14:40:00,s1
0,89.05,132.44,88.56,19.99,2025-01-06 14:45:00,s1
0,137.25,183.17,88.64,21.26,2025-01-06 14:50:00,s1
0,95.78,65.7,84.41,19.99,2025-01-06 14:55:00,s1
0,125.41,173.4,85.32,19.41,2025-01-06 15:00:00,s1
0,129.49,81.51,71.83,20.2,2025-01-06 15:05:00,s1
0,103.35,109.11,80.28,21.94,2025-01-06 15:10:00,s1
0,169.84,97.49,74.63,19.68,2025-01-06 15:15:00,s1
0,159.25,110.02,73.62,20.84,2025-01-06 15:20:00,s1
0,147.24,72.57,86.21,20.3,2025-01-06 15:25:00,s1
0,82.8,125.54,72.7,19.21,2025-01-06 15:30:00,s1
0,85.61,170.25,79.37,20.46,2025-01-06 15:35:00,s1
0,124.28,116.23,88.77,21.11,2025-01-06 15:40:00,s1
0,91.07,123.59,73.72,20.54,2025-01-06 15:45:00,s1
0,172.83,177.32,89.56,21.62,2025-01-06 15:50:00,s1
0,90.85,155.91,89.89,19.87,2025-01-06 15:55:00,s1
0,123.75,123.57,81.11,19.26,2025-01-06 16:00:00,s1
0,111.41,88.65,73.4,21.81,2025-01-06 16:05:00,s1
0,138.94,182.74,76.32,20.13,2025-01-06 16:10:00,s1
0,87.9,136.55,78.49,20.73,2025-01-06 16:15:00,s1
0,118.03,83.17,76.19,21.38,2025-01-06 16:20:00,s1
0,102.47,90.37,75.61,19.97,2025-01-06 16:25:00,s1
0,163.78,170.47,89.44,21.15,2025-01-06 16:30:00,s1
0,79.06,56.62,73.07,19.41,2025-01-06 16:35:00,s1
0,166.37,198.81,84.67,19.87,2025-01-06 16:40:00,s1
0,158.3,69.55,70.01,19.43,2025-01-06 16:45:00,s1
0,104.76,169.41,81.92,21.43,2025-01-06 16:50:00,s1
0,153.93,109.22,88.32,19.67,2025-01-06 16:55:00,s1
0,78.12,123.83,75.76,21.15,2025-01-06 17:00:00,s1
0,171.69,182.1,73.71,21.83,2025-01-06 17:05:00,s1
0,127.66,111.94,83.03,20.58,2025-01-06 17:10:00,s1
0,105.33,130.62,84.25,20.62,2025-01-06 17:15:00,s1
0,111.26,57.39,83.76,20.38,2025-01-06 17:20:00,s1
0,81.64,50.35,76.39,19.98,2025-01-06 17:25:00,s1
0,173.93,86.72,75.04,20.43,2025-01-06 17:30:00,s1
0,78.93,152.09,89.12,20.81,2025-01-06 17:35:00,s1
0,140.49,68.19,88.47,21.96,2025-01-06 17:40:00,s1
0,119.27,67.06,79.15,21.81,2025-01-06 17:45:00,s1
0,169.89,111.64,86.92,21.59,2025-01-06 17:50:00,s1
0,99.6,147.18,79.05,21.67,2025-01-06 17:55:00,s1
0,128.21,156.81,78.49,20.4,2025-01-06 18:00:00,s1
0,123.24,76.77,73.14,20.97,2025-01-06 18:05:00,s1
0,145.29,61.94,78.53,21.69,2025-01-06 18:10:00,s1
0,81.8,191.06,80.75,20.18,2025-01-06 18:15:00,s1
0,94.38,89.1,70.45,21.89,2025-01-06 18:20:00,s1
0,96.46,178.0,78.88,20.25,2025-01-06 18:25:00,s1
0,148.82,179.52,85.63,20.8,2025-01-06 18:30:00,s1
0,93.91,165.88,83.6,21.13,2025-01-06 18:35:00,s1
0,132.35,75.33,82.7,21.85,2025-01-06 18:40:00,s1
0,96.52,173.27,88.19,19.73,2025-01-06 18:45:00,s1
0,161.16,165.39,70.36,21.24,2025-01-06 18:50:00,s1
0,169.22,139.51,81.14,20.56,2025-01-06 18:55:00,s1
0,126.85,100.58,85.75,19.81,2025-01-06 19:00:00,s1
0,110.23,89.38,80.83,21.33,2025-01-06 19:05:00,s1
0,98.41,68.28,76.48,20.66,2025-01-06 19:10:00,s1
0,79.98,126.46,72.73,20.98,2025-01-06 19:15:00,s1
0,101.85,137.79,87.75,19.97,2025-01-06 19:20:00,s1
0,140.42,103.9,79.42,20.44,2025-01-06 19:25:00,s1
0,128.36,121.3,87.56,20.85,2025-01-06 19:30:00,s1
0,169.4,104.53,81.72,20.21,2025-01-06 19:35:00,s1
0,114.63,146.15,83.48,19.6,2025-01-06 19:40:00,s1
0,144.39,185.19,86.09,21.88,2025-01-06 19:45:00,s1
0,123.93,74.59,83.18,20.53,2025-01-06 19:50:00,s1
0,126.26,107.21,77.96,21.2,2025-01-06 19:55:00,s1
0,101.78,71.13,80.27,20.23,2025-01-06 20:00:00,s1
0,120.5,143.74,86.06,20.07,2025-01-06 20:05:00,s1
0,122.08,159.33,77.47,20.22,2025-01-06 20:10:00,s1
0,145.66,189.79,77.76,20.23,2025-01-06 20:15:00,s1
0,169.06,91.83,71.91,20.63,2025-01-06 20:20:00,s1
0,107.93,192.53,88.29,20.63,2025-01-06 20:25:00,s1
0,79.22,59.49,71.82,20.49,2025-01-06 20:30:00,s1
0,124.63,140.45,82.96,19.4,2025-01-06 20:35:00,s1
0,129.45,58.57,78.26,20.49,2025-01-06 20:40:00,s1
0,91.84,184.07,78.11,19.51,2025-01-06 20:45:00,s1
0,151.05,129.47,83.59,19.38,2025-01-06 20:50:00,s1
0,173.49,150.4,71.34,21.8,2025-01-06 20:55:00,s1
0,169.58,174.74,81.87,20.81,2025-01-06 21:00:00,s1
0,94.71,72.55,85.44,20.98,2025-01-06 21:05:00,s1
0,162.54,55.79,86.56,20.21,2025-01-06 21:10:00,s1
0,145.45,181.83,73.41,21.73,2025-01-06 21:15:00,s1
0,120.38,97.24,87.95,20.91,2025-01-06 21:20:00,s1
0,129.06,69.35,83.12,21.31,2025-01-06 21:25:00,s1
0,159.96,120.27,87.64,20.11,2025-01-06 21:30:00,s1
0,123.01,139.75,79.71,21.88,2025-01-06 21:35:00,s1
0,112.32,54.65,80.84,21.46,2025-01-06 21:40:00,s1
0,124.32,91.23,88.38,21.56,2025-01-06 21:45:00,s1
0,132.91,54.92,88.0,19.52,2025-01-06 21:50:00,s1
0,93.91,113.05,78.96,19.81,2025-01-06 21:55:00,s1
0,165.09,184.27,75.49,19.86,2025-01-06 22:00:00,s1
0,142.42,197.4,77.86,19.81,2025-01-06 22:05:00,s1
0,138.33,145.56,77.76,21.57,2025-01-06 22:10:00,s1
0,84.95,74.25,75.74,19.1,2025-01-06 22:15:00,s1
0,135.42,185.88,75.37,19.23,2025-01-06 22:20:00,s1
0,87.1,127.44,87.22,19.82,2025-01-06 22:25:00,s1
0,82.87,73.06,71.4,19.6,2025-01-06 22:30:00,s1
0,127.73,188.26,83.55,19.7,2025-01-06 22:35:00,s1
0,115.28,163.62,73.46,21.39,2025-01-06 22:40:00,s1
0,133.88,159.76,76.89,20.69,2025-01-06 22:45:00,s1
0,83.92,156.38,71.23,19.02,2025-01-06 22:50:00,s1
0,118.1,80.05,75.4,20.29,2025-01-06 22:55:00,s1
0,92.48,81.65,85.37,20.22,2025-01-06 23:00:00,s1
0,173.71,153.24,87.7,19.34,2025-01-06 23:05:00,s1
0,131.12,82.96,74.43,21.03,2025-01-06 23:10:00,s1
0,143.74,115.8,79.27,21.11,2025-01-06 23:15:00,s1
0,107.54,167.3,79.41,21.16,2025-01-06 23:20:00,s1
0,84.47,167.59,87.47,21.19,2025-01-06 23:25:00,s1
0,172.59,117.99,85.26,19.0,2025-01-06 23:30:00,s1
0,103.63,168.83,80.26,21.86,2025-01-06 23:35:00,s1
0,117.38,175.79,83.41,21.44,2025-01-06 23:40:00,s1
0,139.99,148.22,86.95,21.71,2025-01-06 23:45:00,s1
0,77.47,84.26,70.19,19.05,2025-01-06 23:50:00,s1
0,156.03,91.1,78.06,21.8,2025-01-06 23:55:00,s1
0,128.66,97.23,88.14,21.43,2025-01-07 00:00:00,s1
0,102.82,67.52,84.81,21.51,2025-01-07 00:05:00,s1
0,81.16,90.97,80.86,19.28,2025-01-07 00:10:00,s1
0,91.25,81.43,80.59,21.22,2025-01-07 00:15:00,s1
0,164.5,118.3,76.96,21.88,2025-01-07 00:20:00,s1
0,143.6,186.27,80.41,21.04,2025-01-07 00:25:00,s1
0,99.99,65.67,83.11,20.71,2025-01-07 00:30:00,s1
0,81.56,158.04,78.37,21.84,2025-01-07 00:35:00,s1
0,144.06,153.09,84.28,20.33,2025-01-07 00:40:00,s1
0,132.24,64.36,87.22,20.8,2025-01-07 00:45:00,s1
0,115.45,188.39,73.09,20.43,2025-01-07 00:50:00,s1
0,111.36,135.27,79.03,21.8,2025-01-07 00:55:00,s1
0,96.68,104.56,78.16,19.23,2025-01-07 01:00:00,s1
0,141.96,163.48,83.75,20.5,2025-01-07 01:05:00,s1
0,172.07,88.6,75.0,21.06,2025-01-07 01:10:00,s1
0,92.57,154.03,82.81,21.38,2025-01-07 01:15:00,s1
0,134.71,55.96,87.55,20.75,2025-01-07 01:20:00,s1
0,117.42,175.91,78.36,21.73,2025-01-07 01:25:00,s1
0,119.67,117.23,88.22,21.83,2025-01-07 01:30:00,s1
0,100.41,145.5,89.86,19.19,2025-01-07 01:35:00,s1
0,157.51,83.19,72.12,20.21,2025-01-07 01:40:00,s1
0,123.53,151.56,74.66,19.07,2025-01-07 01:45:00,s1
0,129.34,165.84,89.01,19.99,2025-01-07 01:50:00,s1
0,105.48,120.98,89.17,20.61,2025-01-07 01:55:00,s1
0,93.18,142.66,71.95,21.73,2025-01-07 02:00:00,s1
0,83.59,118.45,70.3,21.54,2025-01-07 02:05:00,s1
0,146.41,184.11,73.22,19.38,2025-01-07 02:10:00,s1
0,94.62,124.68,89.92,19.28,2025-01-07 02:15:00,s1
0,144.01,176.27,73.6,20.77,2025-01-07 02:20:00,s1
0,114.04,170.2,80.05,20.6,2025-01-07 02:25:00,s1
0,116.58,111.58,86.97,19.8,2025-01-07 02:30:00,s1
0,121.92,84.51,70.41,21.7,2025-01-07 02:35:00,s1
0,111.77,110.91,82.09,21.78,2025-01-07 02:40:00,s1
0,85.06,173.93,75.54,20.21,2025-01-07 02:45:00,s1
0,105.96,84.14,87.25,21.67,2025-01-07 02:50:00,s1
0,141.37,128.67,75.67,20.15,2025-01-07 02:55:00,s1
0,141.58,170.91,83.74,21.21,2025-01-07 03:00:00,s1
0,103.62,103.02,83.48,20.43,2025-01-07 03:05:00,s1
0,121.01,146.33,74.43,19.37,2025-01-07 03:10:00,s1
0,94.34,86.84,70.7,21.78,2025-01-07 03:15:00,s1
0,96.04,66.39,78.18,20.36,2025-01-07 03:20:00,s1
0,77.3,169.16,75.78,21.2,2025-01-07 03:25:00,s1
0,164.67,64.85,86.18,20.1,2025-01-07 03:30:00,s1
0,96.07,90.71,86.01,19.06,2025-01-07 03:35:00,s1
0,97.75,178.27,79.14,19.3,2025-01-07 03:40:00,s1
0,102.96,101.97,82.13,20.49,2025-01-07 03:45:00,s1
0,87.74,195.96,82.09,21.07,2025-01-07 03:50:00,s1
0,138.93,196.96,86.54,20.0,2025-01-07 03:55:00,s1
0,82.51,90.24,78.5,21.09,2025-01-07 04:00:00,s1
0,88.42,56.15,75.51,21.1,2025-01-07 04:05:00,s1
0,139.48,155.76,75.3,21.11,2025-01-07 04:10:00,s1
0,108.97,117.65,80.72,20.48,2025-01-07 04:15:00,s1
0,145.79,65.11,78.98,21.74,2025-01-07 04:20:00,s1
0,130.74,156.13,78.8,20.47,2025-01-07 04:25:00,s1
0,100.6,54.68,71.82,20.35,2025-01-07 04:30:00,s1
0,140.08,180.53,84.37,19.6,2025-01-07 04:35:00,s1
0,86.63,70.8,74.27,19.92,2025-01-07 04:40:00,s1
0,128.64,69.1,73.94,19.13,2025-01-07 04:45:00,s1
0,118.71,76.35,78.26,20.9,2025-01-07 04:50:00,s1
0,101.79,194.04,74.56,19.75,2025-01-07 04:55:00,s1
0,135.4,153.98,81.68,19.91,2025-01-07 05:00:00,s1
0,162.13,170.21,77.43,21.31,2025-01-07 05:05:00,s1
0,174.89,109.65,78.98,19.98,2025-01-07 05:10:00,s1
0,135.78,100.45,80.74,19.73,2025-01-07 05:15:00,s1
0,115.47,85.17,74.07,19.51,2025-01-07 05:20:00,s1
0,97.52,122.1,73.12,21.32,2025-01-07 05:25:00,s1
0,100.71,132.77,87.61,19.39,2025-01-07 05:30:00,s1
0,122.95,144.77,78.67,20.36,2025-01-07 05:35:00,s1
0,111.73,88.57,78.24,20.52,2025-01-07 05:40:00,s1
0,166.38,192.3,70.71,21.06,2025-01-07 05:45:00,s1
0,111.83,75.46,79.96,20.9,2025-01-07 05:50:00,s1
0,112.34,194.85,81.08,21.43,2025-01-07 05:55:00,s1
0,113.35,52.23,81.18,19.13,2025-01-07 06:00:00,s1
0,158.66,122.17,84.14,19.89,2025-01-07 06:05:00,s1
0,140.08,100.01,73.55,19.84,2025-01-07 06:10:00,s1
0,136.42,117.37,75.04,19.44,2025-01-07 06:15:00,s1
0,108.41,135.6,86.21,19.87,2025-01-07 06:20:00,s1
0,156.79,115.34,88.94,19.93,2025-01-07 06:25:00,s1
0,78.84,112.23,72.72,20.57,2025-01-07 06:30:00,s1
0,162.08,159.91,79.95,20.99,2025-01-07 06:35:00,s1
0,126.27,152.88,74.28,20.14,2025-01-07 06:40:00,s1
0,114.83,174.99,71.2,21.16,2025-01-07 06:45:00,s1
0,124.72,87.49,76.51,20.01,2025-01-07 06:50:00,s1
0,141.74,141.43,72.87,19.87,2025-01-07 06:55:00,s1
0,76.28,137.78,84.2,20.62,2025-01-07 07:00:00,s1
0,162.16,105.46,80.67,19.07,2025-01-07 07:05:00,s1
0,119.67,122.91,72.88,19.24,2025-01-07 07:10:00,s1
0,109.3,97.07,70.18,20.25,2025-01-07 07:15:00,s1
0,88.82,71.28,86.16,21.83,2025-01-07 07:20:00,s1
0,118.95,82.07,73.52,21.16,2025-01-07 07:25:00,s1
0,124.63,65.83,82.12,19.26,2025-01-07 07:30:00,s1
0,115.36,152.46,76.74,21.54,2025-01-07 07:35:00,s1
0,142.87,149.11,81.71,21.2,2025-01-07 07:40:00,s1
0,117.09,192.59,76.31,20.83,2025-01-07 07:45:00,s1
0,171.14,159.45,71.74,21.46,2025-01-07 07:50:00,s1
0,134.93,57.81,74.46,20.21,2025-01-07 07:55:00,s1
0,155.75,182.64,73.76,19.66,2025-01-07 08:00:00,s1
0,85.94,179.4,78.56,20.54,2025-01-07 08:05:00,s1
0,114.73,116.5,83.17,20.65,2025-01-07 08:10:00,s1
0,108.68,137.88,75.28,20.61,2025-01-07 08:15:00,s1
0,131.95,196.41,70.24,20.7,2025-01-07 08:20:00,s1
0,161.11,129.85,80.38,21.85,2025-01-07 08:25:00,s1
0,82.83,185.8,82.12,21.71,2025-01-07 08:30:00,s1
0,82.26,62.46,89.26,21.63,2025-01-07 08:35:00,s1
0,160.03,78.66,81.79,21.4,2025-01-07 08:40:00,s1
0,96.29,116.11,79.42,21.83,2025-01-07 08:45:00,s1
0,141.88,137.71,81.47,19.3,2025-01-07 08:50:00,s1
0,129.29,172.43,88.56,19.8,2025-01-07 08:55:00,s1
0,158.29,198.24,86.57,20.49,2025-01-07 09:00:00,s1
0,87.51,108.33,76.46,21.54,2025-01-07 09:05:00,s1
0,87.98,57.11,74.75,20.52,2025-01-07 09:10:00,s1
0,130.68,170.18,75.25,21.24,2025-01-07 09:15:00,s1
0,169.64,140.66,80.09,19.42,2025-01-07 09:20:00,s1
0,116.5,79.78,84.88,19.76,2025-01-07 09:25:00,s1
0,107.69,124.22,80.06,21.2,2025-01-07 09:30:00,s1
0,135.67,161.35,71.36,19.49,2025-01-07 09:35:00,s1
0,168.04,165.56,84.47,20.05,2025-01-07 09:40:00,s1
0,158.69,124.94,86.12,19.79,2025-01-07 09:45:00,s1
0,174.55,95.78,75.79,20.05,2025-01-07 09:50:00,s1
0,77.26,196.06,83.28,21.12,2025-01-07 09:55:00,s1
0,86.29,149.5,78.53,20.1,2025-01-07 10:00:00,s1
0,135.95,111.24,87.78,20.67,2025-01-07 10:05:00,s1
0,157.06,92.07,86.9,19.3,2025-01-07 10:10:00,s1
0,103.52,159.67,80.51,21.42,2025-01-07 10:15:00,s1
0,98.92,86.33,83.83,20.11,2025-01-07 10:20:00,s1
0,153.7,75.76,87.67,20.95,2025-01-07 10:25:00,s1
0,80.64,129.48,79.91,21.18,2025-01-07 10:30:00,s1
0,111.94,93.5,76.27,19.63,2025-01-07 10:35:00,s1
0,125.58,144.34,85.07,21.65,2025-01-07 10:40:00,s1
0,131.03,67.69,74.4,20.85,2025-01-07 10:45:00,s1
0,147.86,148.24,77.77,20.29,2025-01-07 10:50:00,s1
0,110.48,92.49,87.31,19.55,2025-01-07 10:55:00,s1
0,136.27,50.04,84.49,21.83,2025-01-07 11:00:00,s1
0,133.54,69.04,78.08,21.27,2025-01-07 11:05:00,s1
0,129.76,190.04,74.29,19.62,2025-01-07 11:10:00,s1
0,139.05,180.1,77.12,20.01,2025-01-07 11:15:00,s1
0,100.94,85.04,75.68,21.43,2025-01-07 11:20:00,s1
0,83.46,166.76,73.52,21.09,2025-01-07 11:25:00,s1
0,86.93,141.29,84.87,21.3,2025-01-07 11:30:00,s1
0,97.46,195.64,75.04,20.32,2025-01-07 11:35:00,s1
0,125.02,106.04,79.08,21.15,2025-01-07 11:40:00,s1
0,159.04,152.22,77.72,20.16,2025-01-07 11:45:00,s1
0,145.13,59.53,89.64,19.63,2025-01-07 11:50:00,s1
0,153.9,109.44,77.82,20.9,2025-01-07 11:55:00,s1
0,110.1,194.57,71.6,21.93,2025-01-07 12:00:00,s1
0,115.47,130.85,71.8,19.93,2025-01-07 12:05:00,s1
0,114.37,93.18,81.82,20.38,2025-01-07 12:10:00,s1
0,94.19,68.04,81.99,21.02,2025-01-07 12:15:00,s1
0,81.12,155.53,78.38,20.62,2025-01-07 12:20:00,s1
0,134.09,146.73,78.64,21.53,2025-01-07 12:25:00,s1
0,173.92,106.09,71.08,21.29,2025-01-07 12:30:00,s1
0,91.68,192.64,80.33,19.17,2025-01-07 12:35:00,s1
0,79.67,53.33,80.09,22.0,2025-01-07 12:40:00,s1
0,152.95,95.56,72.99,21.26,2025-01-07 12:45:00,s1
0,100.26,188.16,72.08,21.59,2025-01-07 12:50:00,s1
0,157.96,98.14,72.47,20.95,2025-01-07 12:55:00,s1
0,145.39,87.84,72.02,21.57,2025-01-07 13:00:00,s1
0,169.57,130.13,82.19,19.34,2025-01-07 13:05:00,s1
0,115.89,173.57,73.93,20.04,2025-01-07 13:10:00,s1
0,141.2,65.47,75.03,21.63,2025-01-07 13:15:00,s1
0,121.49,191.45,73.47,19.6,2025-01-07 13:20:00,s1
0,138.06,169.26,89.16,19.23,2025-01-07 13:25:00,s1
0,119.96,77.19,87.09,21.36,2025-01-07 13:30:00,s1
0,93.86,156.8,74.61,21.51,2025-01-07 13:35:00,s1
0,125.79,107.74,76.55,19.49,2025-01-07 13:40:00,s1
0,127.86,110.34,74.2,21.56,2025-01-07 13:45:00,s1
0,156.06,167.49,79.84,21.06,2025-01-07 13:50:00,s1
0,148.55,194.42,70.39,20.56,2025-01-07 13:55:00,s1
0,141.38,69.0,83.43,21.49,2025-01-07 14:00:00,s1
0,86.34,113.09,80.46,20.26,2025-01-07 14:05:00,s1
0,147.06,122.14,87.97,19.58,2025-01-07 14:10:00,s1
0,125.03,106.45,73.29,19.85,2025-01-07 14:15:00,s1
0,164.41,104.48,86.08,20.52,2025-01-07 14:20:00,s1
0,166.99,57.84,85.84,20.59,2025-01-07 14:25:00,s1
0,80.52,152.83,72.54,21.42,2025-01-07 14:30:00,s1
0,157.06,115.43,77.97,21.37,2025-01-07 14:35:00,s1
0,78.77,79.22,73.4,20.74,2025-01-07 14:40:00,s1
0,111.72,172.41,75.09,21.34,2025-01-07 14:45:00,s1
0,129.23,170.38,75.26,19.58,2025-01-07 14:50:00,s1
0,89.81,122.96,81.12,19.15,2025-01-07 14:55:00,s1
0,149.63,94.77,78.23,21.62,2025-01-07 15:00:00,s1
0,75.84,145.71,88.95,19.23,2025-01-07 15:05:00,s1
0,91.86,93.22,72.53,19.74,2025-01-07 15:10:00,s1
0,133.08,85.4,89.47,21.09,2025-01-07 15:15:00,s1
0,146.44,159.58,74.61,20.23,2025-01-07 15:20:00,s1
0,166.66,56.05,85.46,21.63,2025-01-07 15:25:00,s1
0,145.55,64.22,76.78,19.89,2025-01-07 15:30:00,s1
0,142.18,51.02,72.86,19.04,2025-01-07 15:35:00,s1
0,114.43,72.94,87.16,19.9,2025-01-07 15:40:00,s1
0,75.13,60.35,76.18,20.73,2025-01-07 15:45:00,s1
0,87.02,199.37,83.18,20.13,2025-01-07 15:50:00,s1
0,128.46,93.32,81.33,20.6,2025-01-07 15:55:00,s1
0,142.51,72.39,79.44,21.63,2025-01-07 16:00:00,s1
0,116.74,86.15,79.92,21.74,2025-01-07 16:05:00,s1
0,148.07,190.42,84.64,19.8,2025-01-07 16:10:00,s1
0,127.19,128.02,71.76,20.39,2025-01-07 16:15:00,s1
0,82.42,104.72,83.36,20.65,2025-01-07 16:20:00,s1
0,94.2,181.01,87.92,21.85,2025-01-07 16:25:00,s1
0,159.0,109.25,71.16,22.0,2025-01-07 16:30:00,s1
0,147.49,100.25,72.81,19.71,2025-01-07 16:35:00,s1
0,164.48,81.09,84.33,21.18,2025-01-07 16:40:00,s1
0,86.76,106.67,78.75,20.13,2025-01-07 16:45:00,s1
0,174.02,97.5,78.07,19.02,2025-01-07 16:50:00,s1
0,95.94,151.6,72.74,19.03,2025-01-07 16:55:00,s1
0,76.18,93.44,80.14,20.38,2025-01-07 17:00:00,s1
0,174.74,136.58,72.53,20.47,2025-01-07 17:05:00,s1
0,103.11,59.88,79.53,19.07,2025-01-07 17:10:00,s1
0,141.8,78.69,85.27,21.06,2025-01-07 17:15:00,s1
0,92.67,111.11,75.17,19.88,2025-01-07 17:20:00,s1
0,133.02,190.54,79.62,20.68,2025-01-07 17:25:00,s1
0,165.4,106.59,89.84,19.9,2025-01-07 17:30:00,s1
0,107.02,149.61,83.73,19.5,2025-01-07 17:35:00,s1
0,142.03,88.26,86.83,20.22,2025-01-07 17:40:00,s1
0,93.79,69.06,78.3,19.7,2025-01-07 17:45:00,s1
0,137.48,58.78,85.36,20.6,2025-01-07 17:50:00,s1
0,108.65,95.81,70.81,19.6,2025-01-07 17:55:00,s1
0,96.12,73.65,72.46,20.53,2025-01-07 18:00:00,s1
0,106.32,76.1,74.06,19.47,2025-01-07 18:05:00,s1
0,92.88,164.11,78.04,21.01,2025-01-07 18:10:00,s1
0,165.19,52.38,86.91,21.26,2025-01-07 18:15:00,s1
0,114.72,133.67,76.93,19.33,2025-01-07 18:20:00,s1
0,99.53,106.92,83.09,20.4,2025-01-07 18:25:00,s1
0,119.84,125.98,84.19,19.21,2025-01-07 18:30:00,s1
0,107.05,134.42,81.72,20.79,2025-01-07 18:35:00,s1
0,149.44,97.01,77.14,19.79,2025-01-07 18:40:00,s1
0,172.12,94.27,81.54,20.58,2025-01-07 18:45:00,s1
0,118.8,160.01,76.85,20.55,2025-01-07 18:50:00,s1
0,161.1,180.69,71.68,21.77,2025-01-07 18:55:00,s1
0,131.59,78.89,89.86,20.65,2025-01-07 19:00:00,s1
0,90.72,64.64,72.54,20.75,2025-01-07 19:05:00,s1
0,144.06,184.67,71.45,20.2,2025-01-07 19:10:00,s1
0,126.34,102.48,87.57,21.85,2025-01-07 19:15:00,s1
0,140.06,132.7,76.04,21.33,2025-01-07 19:20:00,s1
0,163.97,103.93,83.01,19.86,2025-01-07 19:25:00,s1
0,119.04,68.87,76.58,21.53,2025-01-07 19:30:00,s1
0,165.12,138.4,77.83,20.3,2025-01-07 19:35:00,s1
0,150.07,128.77,75.24,21.49,2025-01-07 19:40:00,s1
0,123.86,80.45,76.86,21.47,2025-01-07 19:45:00,s1
0,135.32,117.78,78.21,19.57,2025-01-07 19:50:00,s1
0,107.56,169.54,84.41,21.1,2025-01-07 19:55:00,s1
0,173.36,138.56,80.23,19.87,2025-01-07 20:00:00,s1
0,141.74,64.54,88.87,19.89,2025-01-07 20:05:00,s1
0,79.38,132.2,70.84,19.89,2025-01-07 20:10:00,s1
0,107.66,155.41,80.06,21.18,2025-01-07 20:15:00,s1
0,137.33,168.91,81.68,19.69,2025-01-07 20:20:00,s1
0,80.63,144.37,88.4,19.0,2025-01-07 20:25:00,s1
0,77.39,72.9,70.98,21.15,2025-01-07 20:30:00,s1
0,120.0,156.53,81.47,19.51,2025-01-07 20:35:00,s1
0,108.27,151.6,87.07,19.31,2025-01-07 20:40:00,s1
0,118.83,53.66,74.84,19.71,2025-01-07 20:45:00,s1
0,101.27,111.76,87.53,20.14,2025-01-07 20:50:00,s1
0,91.47,99.94,70.38,20.43,2025-01-07 20:55:00,s1
0,143.91,150.41,84.65,19.13,2025-01-07 21:00:00,s1
0,126.46,82.42,88.66,21.91,2025-01-07 21:05:00,s1
0,95.02,138.63,83.14,21.15,2025-01-07 21:10:00,s1
0,106.96,186.98,78.78,19.97,2025-01-07 21:15:00,s1
0,134.18,169.67,70.9,19.96,2025-01-07 21:20:00,s1
0,82.22,188.22,88.4,20.35,2025-01-07 21:25:00,s1
0,89.75,196.78,79.41,20.88,2025-01-07 21:30:00,s1
0,82.32,51.6,70.58,19.44,2025-01-07 21:35:00,s1
0,156.23,143.41,83.8,19.57,2025-01-07 21:40:00,s1
0,150.24,111.93,79.64,21.58,2025-01-07 21:45:00,s1
0,150.33,178.98,72.49,19.77,2025-01-07 21:50:00,s1
0,146.63,87.77,74.29,20.14,2025-01-07 21:55:00,s1
0,141.94,197.15,71.29,21.61,2025-01-07 22:00:00,s1
0,122.7,142.06,81.49,20.99,2025-01-07 22:05:00,s1
0,139.23,169.03,82.44,20.03,2025-01-07 22:10:00,s1
0,78.84,62.84,80.11,21.05,2025-01-07 22:15:00,s1
0,137.15,77.52,86.34,19.06,2025-01-07 22:20:00,s1
0,152.79,163.76,87.22,21.21,2025-01-07 22:25:00,s1
0,125.04,53.3,82.31,20.46,2025-01-07 22:30:00,s1
0,110.75,172.53,70.26,21.44,2025-01-07 22:35:00,s1
0,102.74,52.09,83.9,21.86,2025-01-07 22:40:00,s1
0,139.28,148.57,78.36,21.78,2025-01-07 22:45:00,s1
0,144.28,104.76,81.31,21.73,2025-01-07 22:50:00,s1
0,162.1,141.72,82.98,20.54,2025-01-07 22:55:00,s1
0,109.23,154.4,77.0,20.08,2025-01-07 23:00:00,s1
0,151.98,101.37,88.34,20.4,2025-01-07 23:05:00,s1
0,131.14,66.19,72.68,21.07,2025-01-07 23:10:00,s1
0,163.28,60.45,83.43,21.65,2025-01-07 23:15:00,s1
0,127.78,138.34,70.09,19.62,2025-01-07 23:20:00,s1
0,126.76,128.1,88.49,21.75,2025-01-07 23:25:00,s1
0,132.79,161.33,72.25,21.45,2025-01-07 23:30:00,s1
0,149.93,126.46,71.9,21.94,2025-01-07 23:35:00,s1
0,171.47,113.37,76.66,21.64,2025-01-07 23:40:00,s1
0,82.36,109.71,77.47,19.84,2025-01-07 23:45:00,s1
0,80.34,53.97,74.29,19.32,2025-01-07 23:50:00,s1
0,168.76,100.33,81.7,19.34,2025-01-07 23:55:00,s1
0,127.99,196.4,78.86,19.87,2025-01-08 00:00:00,s1
0,136.49,181.03,70.68,20.84,2025-01-08 00:05:00,s1
0,123.24,99.41,76.39,21.41,2025-01-08 00:10:00,s1
0,84.37,138.17,86.21,21.7,2025-01-08 00:15:00,s1
0,151.81,177.09,83.79,20.87,2025-01-08 00:20:00,s1
0,149.72,116.19,84.5,19.02,2025-01-08 00:25:00,s1
0,106.17,52.69,83.96,19.56,2025-01-08 00:30:00,s1
0,105.62,61.18,76.22,19.3,2025-01-08 00:35:00,s1
0,158.78,126.56,71.99,20.09,2025-01-08 00:40:00,s1
0,82.24,195.42,75.45,20.5,2025-01-08 00:45:00,s1
0,163.11,153.98,86.64,19.13,2025-01-08 00:50:00,s1
0,100.67,60.64,89.61,20.05,2025-01-08 00:55:00,s1
0,134.3,78.4,79.88,19.54,2025-01-08 01:00:00,s1
0,168.6,165.7,70.19,20.94,2025-01-08 01:05:00,s1
0,142.81,176.22,72.8,20.39,2025-01-08 01:10:00,s1
0,116.44,142.65,76.44,20.49,2025-01-08 01:15:00,s1
0,143.95,146.66,81.57,20.28,2025-01-08 01:20:00,s1
0,109.4,54.25,71.5,21.87,2025-01-08 01:25:00,s1
0,102.73,174.28,88.87,19.64,2025-01-08 01:30:00,s1
0,174.67,168.24,77.3,20.55,2025-01-08 01:35:00,s1
0,150.08,88.86,88.25,21.21,2025-01-08 01:40:00,s1
0,139.47,156.3,85.61,20.67,2025-01-08 01:45:00,s1
0,110.53,82.23,85.11,21.79,2025-01-08 01:50:00,s1
0,79.92,56.05,82.13,20.13,2025-01-08 01:55:00,s1
